R0,beta1,gamma,omega,rho,nu,disease,CFR_lo_time,cumcases_hi_time,cumdeaths_1yr
1.2,0.2,40.55555555555556,0.1,0.7,0,covid,Inf,2.095890410958904,862.2682993688451
1.4,0.2,40.55555555555556,0.1,0.7,0,covid,Inf,1.0465753424657533,1182680.6734422664
1.5999999999999999,0.2,40.55555555555556,0.1,0.7,0,covid,Inf,0.8054794520547945,3772266.548523303
1.7999999999999998,0.2,40.55555555555556,0.1,0.7,0,covid,Inf,0.663013698630137,3954782.94171179
2,0.2,40.55555555555556,0.1,0.7,0,covid,Inf,0.547945205479452,3952446.2908647223
2.1999999999999997,0.2,40.55555555555556,0.1,0.7,0,covid,Inf,0.4465753424657534,3925482.5572409313
2.4,0.2,40.55555555555556,0.1,0.7,0,covid,Inf,0.3643835616438356,3955330.0965859103
2.5999999999999996,0.2,40.55555555555556,0.1,0.7,0,covid,Inf,0.3041095890410959,4046536.8806698346
2.8,0.2,40.55555555555556,0.1,0.7,0,covid,Inf,0.26301369863013696,4155920.9999955324
3,0.2,40.55555555555556,0.1,0.7,0,covid,27.09315068493151,0.23013698630136986,4254666.133884888
3.1999999999999997,0.2,40.55555555555556,0.1,0.7,0,covid,29.221917808219178,0.2054794520547945,4335130.741305033
3.3999999999999995,0.2,40.55555555555556,0.1,0.7,0,covid,27.484931506849314,0.1863013698630137,4398497.400628318
3.5999999999999996,0.2,40.55555555555556,0.1,0.7,0,covid,23.49041095890411,0.16986301369863013,4448091.985701804
3.8,0.2,40.55555555555556,0.1,0.7,0,covid,19.293150684931508,0.15616438356164383,4487153.862181769
4,0.2,40.55555555555556,0.1,0.7,0,covid,21.34794520547945,0.14520547945205478,4518226.368822586
4.199999999999999,0.2,40.55555555555556,0.1,0.7,0,covid,18.986301369863014,0.13424657534246576,4543303.632136953
4.3999999999999995,0.2,40.55555555555556,0.1,0.7,0,covid,14.084931506849315,0.12602739726027398,4563824.283154046
4.6,0.2,40.55555555555556,0.1,0.7,0,covid,12.12054794520548,0.12054794520547946,4580846.465628581
4.8,0.2,40.55555555555556,0.1,0.7,0,covid,12.238356164383562,0.11232876712328767,4595140.558142843
5,0.2,40.55555555555556,0.1,0.7,0,covid,15.432876712328767,0.10684931506849316,4607329.015270493
5.199999999999999,0.2,40.55555555555556,0.1,0.7,0,covid,13.347945205479451,0.10136986301369863,4617832.64576254
5.3999999999999995,0.2,40.55555555555556,0.1,0.7,0,covid,11.07123287671233,0.0958904109589041,4626991.801329811
5.6,0.2,40.55555555555556,0.1,0.7,0,covid,10.906849315068493,0.09315068493150686,4635040.440073801
5.8,0.2,40.55555555555556,0.1,0.7,0,covid,10.780821917808218,0.08767123287671233,4642212.905969094
6,0.2,40.55555555555556,0.1,0.7,0,covid,10.668493150684931,0.08493150684931507,4648588.705671808
1.2,0.2,40.55555555555556,0.17916666666666667,0.7,0,covid,Inf,2.095890410958904,862.2683309353115
1.4,0.2,40.55555555555556,0.17916666666666667,0.7,0,covid,Inf,1.0465753424657533,1182680.6816199769
1.5999999999999999,0.2,40.55555555555556,0.17916666666666667,0.7,0,covid,Inf,0.8054794520547945,3772266.549456797
1.7999999999999998,0.2,40.55555555555556,0.17916666666666667,0.7,0,covid,Inf,0.663013698630137,3954782.9421102875
2,0.2,40.55555555555556,0.17916666666666667,0.7,0,covid,Inf,0.547945205479452,3952446.2905034362
2.1999999999999997,0.2,40.55555555555556,0.17916666666666667,0.7,0,covid,Inf,0.4465753424657534,3925482.5575014804
2.4,0.2,40.55555555555556,0.17916666666666667,0.7,0,covid,Inf,0.3643835616438356,3955330.096932518
2.5999999999999996,0.2,40.55555555555556,0.17916666666666667,0.7,0,covid,24.96164383561644,0.3041095890410959,4046536.925522219
2.8,0.2,40.55555555555556,0.17916666666666667,0.7,0,covid,24.84109589041096,0.26301369863013696,4155909.65083412
3,0.2,40.55555555555556,0.17916666666666667,0.7,0,covid,20.873972602739727,0.23013698630136986,4254665.328850897
3.1999999999999997,0.2,40.55555555555556,0.17916666666666667,0.7,0,covid,16.197260273972603,0.2054794520547945,4335129.3404601775
3.3999999999999995,0.2,40.55555555555556,0.17916666666666667,0.7,0,covid,15.057534246575342,0.1863013698630137,4398496.392869883
3.5999999999999996,0.2,40.55555555555556,0.17916666666666667,0.7,0,covid,14.221917808219178,0.16986301369863013,4448097.744366728
3.8,0.2,40.55555555555556,0.17916666666666667,0.7,0,covid,13.621917808219179,0.15616438356164383,4487143.906569053
4,0.2,40.55555555555556,0.17916666666666667,0.7,0,covid,12.317808219178081,0.14520547945205478,4518221.970915485
4.199999999999999,0.2,40.55555555555556,0.17916666666666667,0.7,0,covid,12.161643835616438,0.13424657534246576,4543306.995728528
4.3999999999999995,0.2,40.55555555555556,0.17916666666666667,0.7,0,covid,10.098630136986301,0.12602739726027398,4563810.861976663
4.6,0.2,40.55555555555556,0.17916666666666667,0.7,0,covid,7.994520547945205,0.12054794520547946,4580843.606668157
4.8,0.2,40.55555555555556,0.17916666666666667,0.7,0,covid,7.295890410958904,0.11232876712328767,4595149.113313695
5,0.2,40.55555555555556,0.17916666666666667,0.7,0,covid,7.063013698630137,0.10684931506849316,4607340.638986474
5.199999999999999,0.2,40.55555555555556,0.17916666666666667,0.7,0,covid,7.145205479452055,0.10136986301369863,4617844.295092055
5.3999999999999995,0.2,40.55555555555556,0.17916666666666667,0.7,0,covid,7.501369863013698,0.0958904109589041,4627007.576129054
5.6,0.2,40.55555555555556,0.17916666666666667,0.7,0,covid,8.263013698630138,0.09315068493150686,4635076.024571381
5.8,0.2,40.55555555555556,0.17916666666666667,0.7,0,covid,8.063013698630137,0.08767123287671233,4642215.335485501
6,0.2,40.55555555555556,0.17916666666666667,0.7,0,covid,7.175342465753425,0.08493150684931507,4648623.203609763
1.2,0.2,40.55555555555556,0.2583333333333333,0.7,0,covid,Inf,2.095890410958904,862.2683465634714
1.4,0.2,40.55555555555556,0.2583333333333333,0.7,0,covid,Inf,1.0465753424657533,1182680.704993248
1.5999999999999999,0.2,40.55555555555556,0.2583333333333333,0.7,0,covid,Inf,0.8054794520547945,3772266.5502060754
1.7999999999999998,0.2,40.55555555555556,0.2583333333333333,0.7,0,covid,Inf,0.663013698630137,3954782.94255574
2,0.2,40.55555555555556,0.2583333333333333,0.7,0,covid,Inf,0.547945205479452,3952446.291171063
2.1999999999999997,0.2,40.55555555555556,0.2583333333333333,0.7,0,covid,26.706849315068492,0.4465753424657534,3925482.5596408653
2.4,0.2,40.55555555555556,0.2583333333333333,0.7,0,covid,24.41917808219178,0.3643835616438356,3955330.1002951926
2.5999999999999996,0.2,40.55555555555556,0.2583333333333333,0.7,0,covid,19.336986301369862,0.3041095890410959,4046536.9276914587
2.8,0.2,40.55555555555556,0.2583333333333333,0.7,0,covid,15.747945205479452,0.26301369863013696,4155909.8858678034
3,0.2,40.55555555555556,0.2583333333333333,0.7,0,covid,12.673972602739726,0.23013698630136986,4254665.886624711
3.1999999999999997,0.2,40.55555555555556,0.2583333333333333,0.7,0,covid,11.967123287671233,0.2054794520547945,4335130.602815461
3.3999999999999995,0.2,40.55555555555556,0.2583333333333333,0.7,0,covid,10.778082191780822,0.1863013698630137,4398503.56180693
3.5999999999999996,0.2,40.55555555555556,0.2583333333333333,0.7,0,covid,10.01095890410959,0.16986301369863013,4448103.188448608
3.8,0.2,40.55555555555556,0.2583333333333333,0.7,0,covid,10.227397260273973,0.15616438356164383,4487151.818487914
4,0.2,40.55555555555556,0.2583333333333333,0.7,0,covid,8.95890410958904,0.14520547945205478,4518228.280171391
4.199999999999999,0.2,40.55555555555556,0.2583333333333333,0.7,0,covid,8.934246575342465,0.13424657534246576,4543304.892428856
4.3999999999999995,0.2,40.55555555555556,0.2583333333333333,0.7,0,covid,7.917808219178082,0.12602739726027398,4563820.013695132
4.6,0.2,40.55555555555556,0.2583333333333333,0.7,0,covid,6.416438356164384,0.12054794520547946,4580834.953628721
4.8,0.2,40.55555555555556,0.2583333333333333,0.7,0,covid,5.6657534246575345,0.11232876712328767,4595149.275936845
5,0.2,40.55555555555556,0.2583333333333333,0.7,0,covid,5.32054794520548,0.10684931506849316,4607347.086467995
5.199999999999999,0.2,40.55555555555556,0.2583333333333333,0.7,0,covid,5.136986301369863,0.10136986301369863,4617851.418914844
5.3999999999999995,0.2,40.55555555555556,0.2583333333333333,0.7,0,covid,5.073972602739726,0.0958904109589041,4627010.064001483
5.6,0.2,40.55555555555556,0.2583333333333333,0.7,0,covid,5.120547945205479,0.09315068493150686,4635067.162053378
5.8,0.2,40.55555555555556,0.2583333333333333,0.7,0,covid,5.254794520547946,0.08767123287671233,4642215.990497623
6,0.2,40.55555555555556,0.2583333333333333,0.7,0,covid,5.317808219178082,0.08493150684931507,4648618.340258408
1.2,0.2,40.55555555555556,0.3375,0.7,0,covid,Inf,2.095890410958904,862.2684616266296
1.4,0.2,40.55555555555556,0.3375,0.7,0,covid,Inf,1.0465753424657533,1182680.699754058
1.5999999999999999,0.2,40.55555555555556,0.3375,0.7,0,covid,Inf,0.8054794520547945,3772266.551125581
1.7999999999999998,0.2,40.55555555555556,0.3375,0.7,0,covid,Inf,0.663013698630137,3954782.943782882
2,0.2,40.55555555555556,0.3375,0.7,0,covid,28.435616438356163,0.547945205479452,3952446.2973356387
2.1999999999999997,0.2,40.55555555555556,0.3375,0.7,0,covid,20.9013698630137,0.4465753424657534,3925482.573656634
2.4,0.2,40.55555555555556,0.3375,0.7,0,covid,18.764383561643836,0.3643835616438356,3955330.0993326074
2.5999999999999996,0.2,40.55555555555556,0.3375,0.7,0,covid,14.873972602739727,0.3041095890410959,4046536.947112745
2.8,0.2,40.55555555555556,0.3375,0.7,0,covid,13.526027397260274,0.26301369863013696,4155909.9714351627
3,0.2,40.55555555555556,0.3375,0.7,0,covid,11.2,0.23013698630136986,4254665.588186127
3.1999999999999997,0.2,40.55555555555556,0.3375,0.7,0,covid,11.07945205479452,0.2054794520547945,4335130.605722135
3.3999999999999995,0.2,40.55555555555556,0.3375,0.7,0,covid,10.315068493150685,0.1863013698630137,4398497.523641016
3.5999999999999996,0.2,40.55555555555556,0.3375,0.7,0,covid,9.41095890410959,0.16986301369863013,4448093.317907157
3.8,0.2,40.55555555555556,0.3375,0.7,0,covid,8.254794520547945,0.15616438356164383,4487143.40814609
4,0.2,40.55555555555556,0.3375,0.7,0,covid,7.4301369863013695,0.14520547945205478,4518232.63857618
4.199999999999999,0.2,40.55555555555556,0.3375,0.7,0,covid,6.813698630136987,0.13424657534246576,4543303.51019699
4.3999999999999995,0.2,40.55555555555556,0.3375,0.7,0,covid,6.041095890410959,0.12602739726027398,4563819.2596605085
4.6,0.2,40.55555555555556,0.3375,0.7,0,covid,5.298630136986302,0.12054794520547946,4580833.627487187
4.8,0.2,40.55555555555556,0.3375,0.7,0,covid,4.767123287671233,0.11232876712328767,4595146.703255325
5,0.2,40.55555555555556,0.3375,0.7,0,covid,4.482191780821918,0.10684931506849316,4607344.807775274
5.199999999999999,0.2,40.55555555555556,0.3375,0.7,0,covid,4.33972602739726,0.10136986301369863,4617850.199064546
5.3999999999999995,0.2,40.55555555555556,0.3375,0.7,0,covid,4.2684931506849315,0.0958904109589041,4627010.220485029
5.6,0.2,40.55555555555556,0.3375,0.7,0,covid,4.257534246575342,0.09315068493150686,4635063.543967072
5.8,0.2,40.55555555555556,0.3375,0.7,0,covid,4.271232876712329,0.08767123287671233,4642216.557902269
6,0.2,40.55555555555556,0.3375,0.7,0,covid,4.271232876712329,0.08493150684931507,4648624.053723228
1.2,0.2,40.55555555555556,0.41666666666666663,0.7,0,covid,Inf,2.095890410958904,862.2684944828753
1.4,0.2,40.55555555555556,0.41666666666666663,0.7,0,covid,Inf,1.0465753424657533,1182680.7324370944
1.5999999999999999,0.2,40.55555555555556,0.41666666666666663,0.7,0,covid,Inf,0.8054794520547945,3772266.5530335996
1.7999999999999998,0.2,40.55555555555556,0.41666666666666663,0.7,0,covid,Inf,0.663013698630137,3954782.949848663
2,0.2,40.55555555555556,0.41666666666666663,0.7,0,covid,23.627397260273973,0.547945205479452,3952446.329346211
2.1999999999999997,0.2,40.55555555555556,0.41666666666666663,0.7,0,covid,18.465753424657535,0.4465753424657534,3925482.697171081
2.4,0.2,40.55555555555556,0.41666666666666663,0.7,0,covid,16.586301369863012,0.3643835616438356,3955330.316218058
2.5999999999999996,0.2,40.55555555555556,0.41666666666666663,0.7,0,covid,12.005479452054795,0.3041095890410959,4046537.083839072
2.8,0.2,40.55555555555556,0.41666666666666663,0.7,0,covid,11.224657534246575,0.26301369863013696,4155909.366589215
3,0.2,40.55555555555556,0.41666666666666663,0.7,0,covid,10.043835616438356,0.23013698630136986,4254665.688366033
3.1999999999999997,0.2,40.55555555555556,0.41666666666666663,0.7,0,covid,9.172602739726027,0.2054794520547945,4335130.154522333
3.3999999999999995,0.2,40.55555555555556,0.41666666666666663,0.7,0,covid,7.027397260273973,0.1863013698630137,4398497.452994384
3.5999999999999996,0.2,40.55555555555556,0.41666666666666663,0.7,0,covid,6.764383561643836,0.16986301369863013,4448098.8218091
3.8,0.2,40.55555555555556,0.41666666666666663,0.7,0,covid,7.232876712328767,0.15616438356164383,4487153.138220228
4,0.2,40.55555555555556,0.41666666666666663,0.7,0,covid,6.076712328767123,0.14520547945205478,4518225.546724644
4.199999999999999,0.2,40.55555555555556,0.41666666666666663,0.7,0,covid,6.095890410958904,0.13424657534246576,4543304.4254636
4.3999999999999995,0.2,40.55555555555556,0.41666666666666663,0.7,0,covid,5.682191780821918,0.12602739726027398,4563821.030292913
4.6,0.2,40.55555555555556,0.41666666666666663,0.7,0,covid,5.410958904109589,0.12054794520547946,4580843.124015701
4.8,0.2,40.55555555555556,0.41666666666666663,0.7,0,covid,5.035616438356165,0.11232876712328767,4595155.7452330105
5,0.2,40.55555555555556,0.41666666666666663,0.7,0,covid,4.610958904109589,0.10684931506849316,4607338.050887141
5.199999999999999,0.2,40.55555555555556,0.41666666666666663,0.7,0,covid,4.095890410958904,0.10136986301369863,4617859.522552239
5.3999999999999995,0.2,40.55555555555556,0.41666666666666663,0.7,0,covid,3.547945205479452,0.0958904109589041,4627000.488076667
5.6,0.2,40.55555555555556,0.41666666666666663,0.7,0,covid,3.356164383561644,0.09315068493150686,4635072.344672892
5.8,0.2,40.55555555555556,0.41666666666666663,0.7,0,covid,3.1726027397260275,0.08767123287671233,4642216.669358929
6,0.2,40.55555555555556,0.41666666666666663,0.7,0,covid,3.0246575342465754,0.08493150684931507,4648626.934144764
1.2,0.2,40.55555555555556,0.49583333333333335,0.7,0,covid,Inf,2.095890410958904,862.268526949887
1.4,0.2,40.55555555555556,0.49583333333333335,0.7,0,covid,Inf,1.0465753424657533,1182680.7379332099
1.5999999999999999,0.2,40.55555555555556,0.49583333333333335,0.7,0,covid,Inf,0.8054794520547945,3772266.558399907
1.7999999999999998,0.2,40.55555555555556,0.49583333333333335,0.7,0,covid,27.542465753424658,0.663013698630137,3954782.9753688183
2,0.2,40.55555555555556,0.49583333333333335,0.7,0,covid,20.5013698630137,0.547945205479452,3952446.458185713
2.1999999999999997,0.2,40.55555555555556,0.49583333333333335,0.7,0,covid,16.98904109589041,0.4465753424657534,3925483.1417105636
2.4,0.2,40.55555555555556,0.49583333333333335,0.7,0,covid,13.602739726027398,0.3643835616438356,3955330.9662106154
2.5999999999999996,0.2,40.55555555555556,0.49583333333333335,0.7,0,covid,12.282191780821918,0.3041095890410959,4046537.473229056
2.8,0.2,40.55555555555556,0.49583333333333335,0.7,0,covid,10.583561643835617,0.26301369863013696,4155910.3773193546
3,0.2,40.55555555555556,0.49583333333333335,0.7,0,covid,8.772602739726027,0.23013698630136986,4254665.796180327
3.1999999999999997,0.2,40.55555555555556,0.49583333333333335,0.7,0,covid,8.043835616438356,0.2054794520547945,4335130.08586864
3.3999999999999995,0.2,40.55555555555556,0.49583333333333335,0.7,0,covid,6.306849315068493,0.1863013698630137,4398496.532954028
3.5999999999999996,0.2,40.55555555555556,0.49583333333333335,0.7,0,covid,5.728767123287671,0.16986301369863013,4448096.991701876
3.8,0.2,40.55555555555556,0.49583333333333335,0.7,0,covid,5.583561643835616,0.15616438356164383,4487147.790203948
4,0.2,40.55555555555556,0.49583333333333335,0.7,0,covid,5.361643835616438,0.14520547945205478,4518231.778502234
4.199999999999999,0.2,40.55555555555556,0.49583333333333335,0.7,0,covid,4.764383561643836,0.13424657534246576,4543304.563832527
4.3999999999999995,0.2,40.55555555555556,0.49583333333333335,0.7,0,covid,4.545205479452055,0.12602739726027398,4563813.920362544
4.6,0.2,40.55555555555556,0.49583333333333335,0.7,0,covid,4.112328767123287,0.12054794520547946,4580837.034515238
4.8,0.2,40.55555555555556,0.49583333333333335,0.7,0,covid,3.8876712328767122,0.11232876712328767,4595154.489397869
5,0.2,40.55555555555556,0.49583333333333335,0.7,0,covid,3.643835616438356,0.10684931506849316,4607341.103323034
5.199999999999999,0.2,40.55555555555556,0.49583333333333335,0.7,0,covid,3.515068493150685,0.10136986301369863,4617846.519025612
5.3999999999999995,0.2,40.55555555555556,0.49583333333333335,0.7,0,covid,3.4465753424657533,0.0958904109589041,4627012.02923258
5.6,0.2,40.55555555555556,0.49583333333333335,0.7,0,covid,3.419178082191781,0.09315068493150686,4635059.145156126
5.8,0.2,40.55555555555556,0.49583333333333335,0.7,0,covid,3.43013698630137,0.08767123287671233,4642215.285470873
6,0.2,40.55555555555556,0.49583333333333335,0.7,0,covid,3.361643835616438,0.08493150684931507,4648616.513960082
1.2,0.2,40.55555555555556,0.575,0.7,0,covid,Inf,2.095890410958904,862.2685365462979
1.4,0.2,40.55555555555556,0.575,0.7,0,covid,Inf,1.0465753424657533,1182680.7595335227
1.5999999999999999,0.2,40.55555555555556,0.575,0.7,0,covid,Inf,0.8054794520547945,3772266.563394672
1.7999999999999998,0.2,40.55555555555556,0.575,0.7,0,covid,24.720547945205478,0.663013698630137,3954783.0385159967
2,0.2,40.55555555555556,0.575,0.7,0,covid,18.035616438356165,0.547945205479452,3952446.8491541147
2.1999999999999997,0.2,40.55555555555556,0.575,0.7,0,covid,14.482191780821918,0.4465753424657534,3925484.460354592
2.4,0.2,40.55555555555556,0.575,0.7,0,covid,12.934246575342465,0.3643835616438356,3955332.8683044477
2.5999999999999996,0.2,40.55555555555556,0.575,0.7,0,covid,9.035616438356165,0.3041095890410959,4046538.5994440936
2.8,0.2,40.55555555555556,0.575,0.7,0,covid,8.30958904109589,0.26301369863013696,4155910.1079329555
3,0.2,40.55555555555556,0.575,0.7,0,covid,7.663013698630137,0.23013698630136986,4254666.362766613
3.1999999999999997,0.2,40.55555555555556,0.575,0.7,0,covid,7.142465753424657,0.2054794520547945,4335129.195706632
3.3999999999999995,0.2,40.55555555555556,0.575,0.7,0,covid,6.161643835616438,0.1863013698630137,4398496.505943335
3.5999999999999996,0.2,40.55555555555556,0.575,0.7,0,covid,5.090410958904109,0.16986301369863013,4448099.035839656
3.8,0.2,40.55555555555556,0.575,0.7,0,covid,4.906849315068493,0.15616438356164383,4487154.572148691
4,0.2,40.55555555555556,0.575,0.7,0,covid,4.758904109589041,0.14520547945205478,4518230.185496003
4.199999999999999,0.2,40.55555555555556,0.575,0.7,0,covid,4.605479452054794,0.13424657534246576,4543304.658518874
4.3999999999999995,0.2,40.55555555555556,0.575,0.7,0,covid,4.3780821917808215,0.12602739726027398,4563820.420426487
4.6,0.2,40.55555555555556,0.575,0.7,0,covid,4.112328767123287,0.12054794520547946,4580843.5196995735
4.8,0.2,40.55555555555556,0.575,0.7,0,covid,3.9123287671232876,0.11232876712328767,4595145.791268195
5,0.2,40.55555555555556,0.575,0.7,0,covid,3.789041095890411,0.10684931506849316,4607337.288629199
5.199999999999999,0.2,40.55555555555556,0.575,0.7,0,covid,3.6876712328767125,0.10136986301369863,4617850.13319791
5.3999999999999995,0.2,40.55555555555556,0.575,0.7,0,covid,3.5424657534246577,0.0958904109589041,4627004.5448385505
5.6,0.2,40.55555555555556,0.575,0.7,0,covid,3.2164383561643834,0.09315068493150686,4635063.199519642
5.8,0.2,40.55555555555556,0.575,0.7,0,covid,3.0794520547945203,0.08767123287671233,4642215.308835995
6,0.2,40.55555555555556,0.575,0.7,0,covid,2.736986301369863,0.08493150684931507,4648628.595642577
1.2,0.2,40.55555555555556,0.6541666666666667,0.7,0,covid,Inf,2.095890410958904,862.2685651755905
1.4,0.2,40.55555555555556,0.6541666666666667,0.7,0,covid,Inf,1.0465753424657533,1182680.7551478841
1.5999999999999999,0.2,40.55555555555556,0.6541666666666667,0.7,0,covid,Inf,0.8054794520547945,3772266.561622103
1.7999999999999998,0.2,40.55555555555556,0.6541666666666667,0.7,0,covid,23.301369863013697,0.663013698630137,3954783.2153408863
2,0.2,40.55555555555556,0.6541666666666667,0.7,0,covid,16.2,0.547945205479452,3952447.8037271397
2.1999999999999997,0.2,40.55555555555556,0.6541666666666667,0.7,0,covid,13.454794520547946,0.4465753424657534,3925487.772061034
2.4,0.2,40.55555555555556,0.6541666666666667,0.7,0,covid,10.07123287671233,0.3643835616438356,3955337.4868270997
2.5999999999999996,0.2,40.55555555555556,0.6541666666666667,0.7,0,covid,9.063013698630137,0.3041095890410959,4046541.2018849966
2.8,0.2,40.55555555555556,0.6541666666666667,0.7,0,covid,8.276712328767124,0.26301369863013696,4155911.510131969
3,0.2,40.55555555555556,0.6541666666666667,0.7,0,covid,6.838356164383562,0.23013698630136986,4254666.310491232
3.1999999999999997,0.2,40.55555555555556,0.6541666666666667,0.7,0,covid,6.375342465753425,0.2054794520547945,4335129.757714253
3.3999999999999995,0.2,40.55555555555556,0.6541666666666667,0.7,0,covid,5.967123287671233,0.1863013698630137,4398497.264417819
3.5999999999999996,0.2,40.55555555555556,0.6541666666666667,0.7,0,covid,5.528767123287671,0.16986301369863013,4448100.071712665
3.8,0.2,40.55555555555556,0.6541666666666667,0.7,0,covid,4.8712328767123285,0.15616438356164383,4487154.664434226
4,0.2,40.55555555555556,0.6541666666666667,0.7,0,covid,4.284931506849315,0.14520547945205478,4518229.440188572
4.199999999999999,0.2,40.55555555555556,0.6541666666666667,0.7,0,covid,3.873972602739726,0.13424657534246576,4543303.994407463
4.3999999999999995,0.2,40.55555555555556,0.6541666666666667,0.7,0,covid,3.76986301369863,0.12602739726027398,4563816.537775418
4.6,0.2,40.55555555555556,0.6541666666666667,0.7,0,covid,3.6904109589041094,0.12054794520547946,4580844.507495641
4.8,0.2,40.55555555555556,0.6541666666666667,0.7,0,covid,3.4164383561643836,0.11232876712328767,4595149.637348554
5,0.2,40.55555555555556,0.6541666666666667,0.7,0,covid,3.0876712328767124,0.10684931506849316,4607341.56308124
5.199999999999999,0.2,40.55555555555556,0.6541666666666667,0.7,0,covid,2.915068493150685,0.10136986301369863,4617843.8231133185
5.3999999999999995,0.2,40.55555555555556,0.6541666666666667,0.7,0,covid,2.5534246575342467,0.0958904109589041,4627007.657863966
5.6,0.2,40.55555555555556,0.6541666666666667,0.7,0,covid,2.378082191780822,0.09315068493150686,4635063.742566236
5.8,0.2,40.55555555555556,0.6541666666666667,0.7,0,covid,2.293150684931507,0.08767123287671233,4642215.737188407
6,0.2,40.55555555555556,0.6541666666666667,0.7,0,covid,2.208219178082192,0.08493150684931507,4648628.905697947
1.2,0.2,40.55555555555556,0.7333333333333333,0.7,0,covid,Inf,2.095890410958904,862.2685547987921
1.4,0.2,40.55555555555556,0.7333333333333333,0.7,0,covid,Inf,1.0465753424657533,1182680.776834096
1.5999999999999999,0.2,40.55555555555556,0.7333333333333333,0.7,0,covid,Inf,0.8054794520547945,3772266.561279478
1.7999999999999998,0.2,40.55555555555556,0.7333333333333333,0.7,0,covid,20.416438356164385,0.663013698630137,3954783.62270209
2,0.2,40.55555555555556,0.7333333333333333,0.7,0,covid,14.145205479452056,0.547945205479452,3952449.892325813
2.1999999999999997,0.2,40.55555555555556,0.7333333333333333,0.7,0,covid,11.772602739726027,0.4465753424657534,3925494.9648418026
2.4,0.2,40.55555555555556,0.7333333333333333,0.7,0,covid,10.142465753424657,0.3643835616438356,3955347.2951435493
2.5999999999999996,0.2,40.55555555555556,0.7333333333333333,0.7,0,covid,8.397260273972602,0.3041095890410959,4046546.1321503646
2.8,0.2,40.55555555555556,0.7333333333333333,0.7,0,covid,7.405479452054794,0.26301369863013696,4155913.8557659765
3,0.2,40.55555555555556,0.7333333333333333,0.7,0,covid,6.213698630136986,0.23013698630136986,4254667.640403701
3.1999999999999997,0.2,40.55555555555556,0.7333333333333333,0.7,0,covid,5.7315068493150685,0.2054794520547945,4335130.547534381
3.3999999999999995,0.2,40.55555555555556,0.7333333333333333,0.7,0,covid,5.183561643835616,0.1863013698630137,4398497.032960018
3.5999999999999996,0.2,40.55555555555556,0.7333333333333333,0.7,0,covid,4.353424657534247,0.16986301369863013,4448096.83055064
3.8,0.2,40.55555555555556,0.7333333333333333,0.7,0,covid,3.8493150684931505,0.15616438356164383,4487154.1464253105
4,0.2,40.55555555555556,0.7333333333333333,0.7,0,covid,3.7424657534246575,0.14520547945205478,4518230.417393731
4.199999999999999,0.2,40.55555555555556,0.7333333333333333,0.7,0,covid,3.654794520547945,0.13424657534246576,4543304.699583526
4.3999999999999995,0.2,40.55555555555556,0.7333333333333333,0.7,0,covid,3.4986301369863013,0.12602739726027398,4563820.054511649
4.6,0.2,40.55555555555556,0.7333333333333333,0.7,0,covid,3.03013698630137,0.12054794520547946,4580846.926663114
4.8,0.2,40.55555555555556,0.7333333333333333,0.7,0,covid,2.863013698630137,0.11232876712328767,4595152.003522653
5,0.2,40.55555555555556,0.7333333333333333,0.7,0,covid,2.5424657534246577,0.10684931506849316,4607341.561584446
5.199999999999999,0.2,40.55555555555556,0.7333333333333333,0.7,0,covid,2.3753424657534246,0.10136986301369863,4617848.705547689
5.3999999999999995,0.2,40.55555555555556,0.7333333333333333,0.7,0,covid,2.3013698630136985,0.0958904109589041,4626999.875118147
5.6,0.2,40.55555555555556,0.7333333333333333,0.7,0,covid,2.2273972602739724,0.09315068493150686,4635064.503681425
5.8,0.2,40.55555555555556,0.7333333333333333,0.7,0,covid,2.136986301369863,0.08767123287671233,4642216.015324964
6,0.2,40.55555555555556,0.7333333333333333,0.7,0,covid,2.0465753424657533,0.08493150684931507,4648618.681182483
1.2,0.2,40.55555555555556,0.8124999999999999,0.7,0,covid,Inf,2.095890410958904,862.2686498841374
1.4,0.2,40.55555555555556,0.8124999999999999,0.7,0,covid,Inf,1.0465753424657533,1182680.7866876163
1.5999999999999999,0.2,40.55555555555556,0.8124999999999999,0.7,0,covid,Inf,0.8054794520547945,3772266.5983164175
1.7999999999999998,0.2,40.55555555555556,0.8124999999999999,0.7,0,covid,19.660273972602738,0.663013698630137,3954785.0390606285
2,0.2,40.55555555555556,0.8124999999999999,0.7,0,covid,14.597260273972603,0.547945205479452,3952454.3303554836
2.1999999999999997,0.2,40.55555555555556,0.8124999999999999,0.7,0,covid,11.169863013698631,0.4465753424657534,3925508.952394409
2.4,0.2,40.55555555555556,0.8124999999999999,0.7,0,covid,9.473972602739726,0.3643835616438356,3955366.064794249
2.5999999999999996,0.2,40.55555555555556,0.8124999999999999,0.7,0,covid,7.564383561643836,0.3041095890410959,4046557.7401434532
2.8,0.2,40.55555555555556,0.8124999999999999,0.7,0,covid,6.227397260273973,0.26301369863013696,4155918.212127604
3,0.2,40.55555555555556,0.8124999999999999,0.7,0,covid,5.789041095890411,0.23013698630136986,4254675.677229828
3.1999999999999997,0.2,40.55555555555556,0.8124999999999999,0.7,0,covid,5.024657534246575,0.2054794520547945,4335130.6174760675
3.3999999999999995,0.2,40.55555555555556,0.8124999999999999,0.7,0,covid,4.284931506849315,0.1863013698630137,4398500.060923978
3.5999999999999996,0.2,40.55555555555556,0.8124999999999999,0.7,0,covid,3.789041095890411,0.16986301369863013,4448097.599704378
3.8,0.2,40.55555555555556,0.8124999999999999,0.7,0,covid,3.649315068493151,0.15616438356164383,4487152.090203014
4,0.2,40.55555555555556,0.8124999999999999,0.7,0,covid,3.5315068493150683,0.14520547945205478,4518232.9704978345
4.199999999999999,0.2,40.55555555555556,0.8124999999999999,0.7,0,covid,3.3863013698630136,0.13424657534246576,4543304.3449020125
4.3999999999999995,0.2,40.55555555555556,0.8124999999999999,0.7,0,covid,2.956164383561644,0.12602739726027398,4563818.190831001
4.6,0.2,40.55555555555556,0.8124999999999999,0.7,0,covid,2.7150684931506848,0.12054794520547946,4580847.107217801
4.8,0.2,40.55555555555556,0.8124999999999999,0.7,0,covid,2.5863013698630137,0.11232876712328767,4595152.602129599
5,0.2,40.55555555555556,0.8124999999999999,0.7,0,covid,2.4328767123287673,0.10684931506849316,4607341.818020698
5.199999999999999,0.2,40.55555555555556,0.8124999999999999,0.7,0,covid,2.282191780821918,0.10136986301369863,4617852.241359091
5.3999999999999995,0.2,40.55555555555556,0.8124999999999999,0.7,0,covid,2.221917808219178,0.0958904109589041,4627004.3113370715
5.6,0.2,40.55555555555556,0.8124999999999999,0.7,0,covid,2.1726027397260275,0.09315068493150686,4635056.840518556
5.8,0.2,40.55555555555556,0.8124999999999999,0.7,0,covid,2.1232876712328768,0.08767123287671233,4642216.358132657
6,0.2,40.55555555555556,0.8124999999999999,0.7,0,covid,2.0712328767123287,0.08493150684931507,4648629.278918846
1.2,0.2,40.55555555555556,0.8916666666666666,0.7,0,covid,Inf,2.095890410958904,862.2686821709298
1.4,0.2,40.55555555555556,0.8916666666666666,0.7,0,covid,Inf,1.0465753424657533,1182680.796612426
1.5999999999999999,0.2,40.55555555555556,0.8916666666666666,0.7,0,covid,Inf,0.8054794520547945,3772266.664547437
1.7999999999999998,0.2,40.55555555555556,0.8916666666666666,0.7,0,covid,17.92876712328767,0.663013698630137,3954786.0122859287
2,0.2,40.55555555555556,0.8916666666666666,0.7,0,covid,13.202739726027398,0.547945205479452,3952461.7608507667
2.1999999999999997,0.2,40.55555555555556,0.8916666666666666,0.7,0,covid,10.104109589041096,0.4465753424657534,3925533.880499967
2.4,0.2,40.55555555555556,0.8916666666666666,0.7,0,covid,8.01917808219178,0.3643835616438356,3955398.8764434364
2.5999999999999996,0.2,40.55555555555556,0.8916666666666666,0.7,0,covid,6.632876712328767,0.3041095890410959,4046576.9850339643
2.8,0.2,40.55555555555556,0.8916666666666666,0.7,0,covid,5.789041095890411,0.26301369863013696,4155926.946356381
3,0.2,40.55555555555556,0.8916666666666666,0.7,0,covid,5.167123287671233,0.23013698630136986,4254673.013731466
3.1999999999999997,0.2,40.55555555555556,0.8916666666666666,0.7,0,covid,4.501369863013698,0.2054794520547945,4335133.013727869
3.3999999999999995,0.2,40.55555555555556,0.8916666666666666,0.7,0,covid,4.197260273972603,0.1863013698630137,4398501.820425199
3.5999999999999996,0.2,40.55555555555556,0.8916666666666666,0.7,0,covid,3.835616438356164,0.16986301369863013,4448098.321235179
3.8,0.2,40.55555555555556,0.8916666666666666,0.7,0,covid,3.4767123287671233,0.15616438356164383,4487153.840238331
4,0.2,40.55555555555556,0.8916666666666666,0.7,0,covid,3.243835616438356,0.14520547945205478,4518228.695051905
4.199999999999999,0.2,40.55555555555556,0.8916666666666666,0.7,0,covid,3.106849315068493,0.13424657534246576,4543305.441137977
4.3999999999999995,0.2,40.55555555555556,0.8916666666666666,0.7,0,covid,3.0054794520547947,0.12602739726027398,4563821.483560033
4.6,0.2,40.55555555555556,0.8916666666666666,0.7,0,covid,2.591780821917808,0.12054794520547946,4580847.044384181
4.8,0.2,40.55555555555556,0.8916666666666666,0.7,0,covid,2.4465753424657533,0.11232876712328767,4595151.166674499
5,0.2,40.55555555555556,0.8916666666666666,0.7,0,covid,2.372602739726027,0.10684931506849316,4607342.0383438375
5.199999999999999,0.2,40.55555555555556,0.8916666666666666,0.7,0,covid,2.3068493150684932,0.10136986301369863,4617849.826673022
5.3999999999999995,0.2,40.55555555555556,0.8916666666666666,0.7,0,covid,2.2465753424657535,0.0958904109589041,4627007.12649529
5.6,0.2,40.55555555555556,0.8916666666666666,0.7,0,covid,2.186301369863014,0.09315068493150686,4635060.192775861
5.8,0.2,40.55555555555556,0.8916666666666666,0.7,0,covid,2.126027397260274,0.08767123287671233,4642217.014935788
6,0.2,40.55555555555556,0.8916666666666666,0.7,0,covid,2.063013698630137,0.08493150684931507,4648624.703576003
1.2,0.2,40.55555555555556,0.9708333333333333,0.7,0,covid,Inf,2.095890410958904,862.268714773968
1.4,0.2,40.55555555555556,0.9708333333333333,0.7,0,covid,Inf,1.0465753424657533,1182680.80635682
1.5999999999999999,0.2,40.55555555555556,0.9708333333333333,0.7,0,covid,29.367123287671234,0.8054794520547945,3772266.763633295
1.7999999999999998,0.2,40.55555555555556,0.9708333333333333,0.7,0,covid,16.96986301369863,0.663013698630137,3954788.67556135
2,0.2,40.55555555555556,0.9708333333333333,0.7,0,covid,11.67123287671233,0.547945205479452,3952475.654350143
2.1999999999999997,0.2,40.55555555555556,0.9708333333333333,0.7,0,covid,9.463013698630137,0.4465753424657534,3925575.783935212
2.4,0.2,40.55555555555556,0.9708333333333333,0.7,0,covid,7.780821917808219,0.3643835616438356,3955452.9552550567
2.5999999999999996,0.2,40.55555555555556,0.9708333333333333,0.7,0,covid,6.326027397260274,0.3041095890410959,4046608.902252238
2.8,0.2,40.55555555555556,0.9708333333333333,0.7,0,covid,5.742465753424658,0.26301369863013696,4155939.0879287818
3,0.2,40.55555555555556,0.9708333333333333,0.7,0,covid,5.046575342465753,0.23013698630136986,4254678.431921342
3.1999999999999997,0.2,40.55555555555556,0.9708333333333333,0.7,0,covid,4.745205479452054,0.2054794520547945,4335136.208760804
3.3999999999999995,0.2,40.55555555555556,0.9708333333333333,0.7,0,covid,4.095890410958904,0.1863013698630137,4398500.7725378545
3.5999999999999996,0.2,40.55555555555556,0.9708333333333333,0.7,0,covid,3.5315068493150683,0.16986301369863013,4448102.001399598
3.8,0.2,40.55555555555556,0.9708333333333333,0.7,0,covid,3.1534246575342464,0.15616438356164383,4487154.693387301
4,0.2,40.55555555555556,0.9708333333333333,0.7,0,covid,3.0082191780821916,0.14520547945205478,4518232.401808531
4.199999999999999,0.2,40.55555555555556,0.9708333333333333,0.7,0,covid,2.9205479452054797,0.13424657534246576,4543306.000366765
4.3999999999999995,0.2,40.55555555555556,0.9708333333333333,0.7,0,covid,2.8465753424657536,0.12602739726027398,4563822.181326915
4.6,0.2,40.55555555555556,0.9708333333333333,0.7,0,covid,2.778082191780822,0.12054794520547946,4580847.597210021
4.8,0.2,40.55555555555556,0.9708333333333333,0.7,0,covid,2.712328767123288,0.11232876712328767,4595150.311763552
5,0.2,40.55555555555556,0.9708333333333333,0.7,0,covid,2.6410958904109587,0.10684931506849316,4607339.343757036
5.199999999999999,0.2,40.55555555555556,0.9708333333333333,0.7,0,covid,2.5643835616438357,0.10136986301369863,4617846.496101052
5.3999999999999995,0.2,40.55555555555556,0.9708333333333333,0.7,0,covid,2.4657534246575343,0.0958904109589041,4627007.945221563
5.6,0.2,40.55555555555556,0.9708333333333333,0.7,0,covid,2.317808219178082,0.09315068493150686,4635071.3365519075
5.8,0.2,40.55555555555556,0.9708333333333333,0.7,0,covid,2.1671232876712327,0.08767123287671233,4642217.596922097
6,0.2,40.55555555555556,0.9708333333333333,0.7,0,covid,2.0657534246575344,0.08493150684931507,4648629.015134368
1.2,0.2,40.55555555555556,1.05,0.7,0,covid,Inf,2.095890410958904,862.2681170482094
1.4,0.2,40.55555555555556,1.05,0.7,0,covid,Inf,1.0465753424657533,1182680.816370182
1.5999999999999999,0.2,40.55555555555556,1.05,0.7,0,covid,27.663013698630138,0.8054794520547945,3772266.9844119805
1.7999999999999998,0.2,40.55555555555556,1.05,0.7,0,covid,15.734246575342466,0.663013698630137,3954793.318753429
2,0.2,40.55555555555556,1.05,0.7,0,covid,10.956164383561644,0.547945205479452,3952499.590079977
2.1999999999999997,0.2,40.55555555555556,1.05,0.7,0,covid,9.306849315068494,0.4465753424657534,3925641.4212492
2.4,0.2,40.55555555555556,1.05,0.7,0,covid,7.375342465753425,0.3643835616438356,3955537.903971872
2.5999999999999996,0.2,40.55555555555556,1.05,0.7,0,covid,6.512328767123288,0.3041095890410959,4046661.00847677
2.8,0.2,40.55555555555556,1.05,0.7,0,covid,5.331506849315068,0.26301369863013696,4155959.9935196345
3,0.2,40.55555555555556,1.05,0.7,0,covid,4.994520547945205,0.23013698630136986,4254688.508627387
3.1999999999999997,0.2,40.55555555555556,1.05,0.7,0,covid,4.4301369863013695,0.2054794520547945,4335140.004283186
3.3999999999999995,0.2,40.55555555555556,1.05,0.7,0,covid,3.6027397260273974,0.1863013698630137,4398504.078173674
3.5999999999999996,0.2,40.55555555555556,1.05,0.7,0,covid,3.2794520547945205,0.16986301369863013,4448104.462126583
3.8,0.2,40.55555555555556,1.05,0.7,0,covid,2.9753424657534246,0.15616438356164383,4487158.0796888955
4,0.2,40.55555555555556,1.05,0.7,0,covid,2.8575342465753426,0.14520547945205478,4518229.805118452
4.199999999999999,0.2,40.55555555555556,1.05,0.7,0,covid,2.7726027397260276,0.13424657534246576,4543307.356616037
4.3999999999999995,0.2,40.55555555555556,1.05,0.7,0,covid,2.695890410958904,0.12602739726027398,4563823.036029486
4.6,0.2,40.55555555555556,1.05,0.7,0,covid,2.6246575342465754,0.12054794520547946,4580833.292542798
4.8,0.2,40.55555555555556,1.05,0.7,0,covid,2.5397260273972604,0.11232876712328767,4595151.673375909
5,0.2,40.55555555555556,1.05,0.7,0,covid,2.421917808219178,0.10684931506849316,4607349.859025495
5.199999999999999,0.2,40.55555555555556,1.05,0.7,0,covid,2.2684931506849315,0.10136986301369863,4617847.795547644
5.3999999999999995,0.2,40.55555555555556,1.05,0.7,0,covid,2.1424657534246574,0.0958904109589041,4627007.475736626
5.6,0.2,40.55555555555556,1.05,0.7,0,covid,2.0547945205479454,0.09315068493150686,4635072.898550004
5.8,0.2,40.55555555555556,1.05,0.7,0,covid,1.9808219178082191,0.08767123287671233,4642218.567505616
6,0.2,40.55555555555556,1.05,0.7,0,covid,1.9123287671232876,0.08493150684931507,4648631.19100349
1.2,0.2,40.55555555555556,1.1291666666666667,0.7,0,covid,Inf,2.095890410958904,862.2681405264407
1.4,0.2,40.55555555555556,1.1291666666666667,0.7,0,covid,Inf,1.0465753424657533,1182680.8350928365
1.5999999999999999,0.2,40.55555555555556,1.1291666666666667,0.7,0,covid,26.208219178082192,0.8054794520547945,3772267.028454142
1.7999999999999998,0.2,40.55555555555556,1.1291666666666667,0.7,0,covid,14.873972602739727,0.663013698630137,3954800.7800848265
2,0.2,40.55555555555556,1.1291666666666667,0.7,0,covid,11.117808219178082,0.547945205479452,3952536.2999989367
2.1999999999999997,0.2,40.55555555555556,1.1291666666666667,0.7,0,covid,8.7013698630137,0.4465753424657534,3925740.1240698947
2.4,0.2,40.55555555555556,1.1291666666666667,0.7,0,covid,7.158904109589041,0.3643835616438356,3955665.896153917
2.5999999999999996,0.2,40.55555555555556,1.1291666666666667,0.7,0,covid,6.043835616438356,0.3041095890410959,4046742.92246816
2.8,0.2,40.55555555555556,1.1291666666666667,0.7,0,covid,5.284931506849315,0.26301369863013696,4155997.0246722493
3,0.2,40.55555555555556,1.1291666666666667,0.7,0,covid,4.553424657534246,0.23013698630136986,4254703.669067369
3.1999999999999997,0.2,40.55555555555556,1.1291666666666667,0.7,0,covid,3.8575342465753426,0.2054794520547945,4335152.507929055
3.3999999999999995,0.2,40.55555555555556,1.1291666666666667,0.7,0,covid,3.361643835616438,0.1863013698630137,4398514.394895106
3.5999999999999996,0.2,40.55555555555556,1.1291666666666667,0.7,0,covid,3.221917808219178,0.16986301369863013,4448108.904251473
3.8,0.2,40.55555555555556,1.1291666666666667,0.7,0,covid,3.0821917808219177,0.15616438356164383,4487160.7753399005
4,0.2,40.55555555555556,1.1291666666666667,0.7,0,covid,2.9863013698630136,0.14520547945205478,4518234.0144435
4.199999999999999,0.2,40.55555555555556,1.1291666666666667,0.7,0,covid,2.8493150684931505,0.13424657534246576,4543308.868955663
4.3999999999999995,0.2,40.55555555555556,1.1291666666666667,0.7,0,covid,2.695890410958904,0.12602739726027398,4563822.704950604
4.6,0.2,40.55555555555556,1.1291666666666667,0.7,0,covid,2.504109589041096,0.12054794520547946,4580845.094265827
4.8,0.2,40.55555555555556,1.1291666666666667,0.7,0,covid,2.252054794520548,0.11232876712328767,4595158.259857007
5,0.2,40.55555555555556,1.1291666666666667,0.7,0,covid,2.1315068493150684,0.10684931506849316,4607354.392591555
5.199999999999999,0.2,40.55555555555556,1.1291666666666667,0.7,0,covid,2.0493150684931507,0.10136986301369863,4617855.173894178
5.3999999999999995,0.2,40.55555555555556,1.1291666666666667,0.7,0,covid,1.9753424657534246,0.0958904109589041,4627014.894657788
5.6,0.2,40.55555555555556,1.1291666666666667,0.7,0,covid,1.906849315068493,0.09315068493150686,4635091.966850261
5.8,0.2,40.55555555555556,1.1291666666666667,0.7,0,covid,1.8493150684931507,0.08767123287671233,4642255.3558804365
6,0.2,40.55555555555556,1.1291666666666667,0.7,0,covid,1.789041095890411,0.08493150684931507,4648706.445091852
1.2,0.2,40.55555555555556,1.2083333333333335,0.7,0,covid,Inf,2.095890410958904,862.2681666084031
1.4,0.2,40.55555555555556,1.2083333333333335,0.7,0,covid,Inf,1.0465753424657533,1182680.8500731082
1.5999999999999999,0.2,40.55555555555556,1.2083333333333335,0.7,0,covid,24.931506849315067,0.8054794520547945,3772267.753820817
1.7999999999999998,0.2,40.55555555555556,1.2083333333333335,0.7,0,covid,13.487671232876712,0.663013698630137,3954812.1946206
2,0.2,40.55555555555556,1.2083333333333335,0.7,0,covid,10.443835616438356,0.547945205479452,3952587.5988855124
2.1999999999999997,0.2,40.55555555555556,1.2083333333333335,0.7,0,covid,8.164383561643836,0.4465753424657534,3925883.6270525805
2.4,0.2,40.55555555555556,1.2083333333333335,0.7,0,covid,6.6657534246575345,0.3643835616438356,3955854.2279765196
2.5999999999999996,0.2,40.55555555555556,1.2083333333333335,0.7,0,covid,5.8191780821917805,0.3041095890410959,4046859.3811595305
2.8,0.2,40.55555555555556,1.2083333333333335,0.7,0,covid,5.027397260273973,0.26301369863013696,4156053.56170054
3,0.2,40.55555555555556,1.2083333333333335,0.7,0,covid,4.2246575342465755,0.23013698630136986,4254736.317122461
3.1999999999999997,0.2,40.55555555555556,1.2083333333333335,0.7,0,covid,3.967123287671233,0.2054794520547945,4335162.390842356
3.3999999999999995,0.2,40.55555555555556,1.2083333333333335,0.7,0,covid,3.408219178082192,0.1863013698630137,4398518.021029746
3.5999999999999996,0.2,40.55555555555556,1.2083333333333335,0.7,0,covid,3.2739726027397262,0.16986301369863013,4448117.100964987
3.8,0.2,40.55555555555556,1.2083333333333335,0.7,0,covid,3.241095890410959,0.15616438356164383,4487159.415460486
4,0.2,40.55555555555556,1.2083333333333335,0.7,0,covid,2.9534246575342467,0.14520547945205478,4518241.093600401
4.199999999999999,0.2,40.55555555555556,1.2083333333333335,0.7,0,covid,2.750684931506849,0.13424657534246576,4543316.900978686
4.3999999999999995,0.2,40.55555555555556,1.2083333333333335,0.7,0,covid,2.326027397260274,0.12602739726027398,4563834.687137588
4.6,0.2,40.55555555555556,1.2083333333333335,0.7,0,covid,2.1671232876712327,0.12054794520547946,4580866.174008337
4.8,0.2,40.55555555555556,1.2083333333333335,0.7,0,covid,2.073972602739726,0.11232876712328767,4595193.2344500255
5,0.2,40.55555555555556,1.2083333333333335,0.7,0,covid,1.9863013698630136,0.10684931506849316,4607425.072944381
5.199999999999999,0.2,40.55555555555556,1.2083333333333335,0.7,0,covid,1.915068493150685,0.10136986301369863,4618009.19087536
5.3999999999999995,0.2,40.55555555555556,1.2083333333333335,0.7,0,covid,1.8575342465753424,0.0958904109589041,4627375.630997625
5.6,0.2,40.55555555555556,1.2083333333333335,0.7,0,covid,1.8054794520547945,0.09315068493150686,4635958.1391232135
5.8,0.2,40.55555555555556,1.2083333333333335,0.7,0,covid,1.7424657534246575,0.08767123287671233,4644398.187314478
6,0.2,40.55555555555556,1.2083333333333335,0.7,0,covid,1.5123287671232877,0.08493150684931507,4654035.751026034
1.2,0.2,40.55555555555556,1.2875,0.7,0,covid,Inf,2.095890410958904,862.2681776848684
1.4,0.2,40.55555555555556,1.2875,0.7,0,covid,Inf,1.0465753424657533,1182680.9104725812
1.5999999999999999,0.2,40.55555555555556,1.2875,0.7,0,covid,23.52054794520548,0.8054794520547945,3772269.938751898
1.7999999999999998,0.2,40.55555555555556,1.2875,0.7,0,covid,12.882191780821918,0.663013698630137,3954829.114260292
2,0.2,40.55555555555556,1.2875,0.7,0,covid,10.082191780821917,0.547945205479452,3952661.9840621557
2.1999999999999997,0.2,40.55555555555556,1.2875,0.7,0,covid,7.813698630136987,0.4465753424657534,3926085.6628860636
2.4,0.2,40.55555555555556,1.2875,0.7,0,covid,6.342465753424658,0.3643835616438356,3956125.045049075
2.5999999999999996,0.2,40.55555555555556,1.2875,0.7,0,covid,5.449315068493151,0.3041095890410959,4047050.0429564966
2.8,0.2,40.55555555555556,1.2875,0.7,0,covid,4.487671232876712,0.26301369863013696,4156145.831930286
3,0.2,40.55555555555556,1.2875,0.7,0,covid,4.008219178082192,0.23013698630136986,4254780.617031691
3.1999999999999997,0.2,40.55555555555556,1.2875,0.7,0,covid,3.802739726027397,0.2054794520547945,4335194.05185393
3.3999999999999995,0.2,40.55555555555556,1.2875,0.7,0,covid,3.6904109589041094,0.1863013698630137,4398541.498851673
3.5999999999999996,0.2,40.55555555555556,1.2875,0.7,0,covid,3.158904109589041,0.16986301369863013,4448141.447265887
3.8,0.2,40.55555555555556,1.2875,0.7,0,covid,2.915068493150685,0.15616438356164383,4487187.969682054
4,0.2,40.55555555555556,1.2875,0.7,0,covid,2.7643835616438355,0.14520547945205478,4518279.810838662
4.199999999999999,0.2,40.55555555555556,1.2875,0.7,0,covid,2.2684931506849315,0.13424657534246576,4543384.174233388
4.3999999999999995,0.2,40.55555555555556,1.2875,0.7,0,covid,2.1424657534246574,0.12602739726027398,4563979.767826689
4.6,0.2,40.55555555555556,1.2875,0.7,0,covid,2.0356164383561643,0.12054794520547946,4581185.165200624
4.8,0.2,40.55555555555556,1.2875,0.7,0,covid,1.936986301369863,0.11232876712328767,4595992.995188458
5,0.2,40.55555555555556,1.2875,0.7,0,covid,1.873972602739726,0.10684931506849316,4609527.568668222
5.199999999999999,0.2,40.55555555555556,1.2875,0.7,0,covid,1.8246575342465754,0.10136986301369863,4623792.638107573
5.3999999999999995,0.2,40.55555555555556,1.2875,0.7,0,covid,1.7753424657534247,0.0958904109589041,4642830.83115936
5.6,0.2,40.55555555555556,1.2875,0.7,0,covid,1.7068493150684931,0.09315068493150686,4672110.006726596
5.8,0.2,40.55555555555556,1.2875,0.7,0,covid,1.3506849315068492,0.08767123287671233,4708665.282205639
6,0.2,40.55555555555556,1.2875,0.7,0,covid,1.2493150684931507,0.08493150684931507,4737555.922691698
1.2,0.2,40.55555555555556,1.3666666666666667,0.7,0,covid,Inf,2.095890410958904,862.2681985372083
1.4,0.2,40.55555555555556,1.3666666666666667,0.7,0,covid,Inf,1.0465753424657533,1182680.9426581825
1.5999999999999999,0.2,40.55555555555556,1.3666666666666667,0.7,0,covid,22.087671232876712,0.8054794520547945,3772272.2947458895
1.7999999999999998,0.2,40.55555555555556,1.3666666666666667,0.7,0,covid,12.383561643835616,0.663013698630137,3954856.2211043667
2,0.2,40.55555555555556,1.3666666666666667,0.7,0,covid,9.613698630136986,0.547945205479452,3952765.6250612466
2.1999999999999997,0.2,40.55555555555556,1.3666666666666667,0.7,0,covid,7.380821917808219,0.4465753424657534,3926363.5113099054
2.4,0.2,40.55555555555556,1.3666666666666667,0.7,0,covid,6.167123287671233,0.3643835616438356,3956511.937750094
2.5999999999999996,0.2,40.55555555555556,1.3666666666666667,0.7,0,covid,5.23013698630137,0.3041095890410959,4047333.153051125
2.8,0.2,40.55555555555556,1.3666666666666667,0.7,0,covid,4.315068493150685,0.26301369863013696,4156314.938996484
3,0.2,40.55555555555556,1.3666666666666667,0.7,0,covid,4.221917808219178,0.23013698630136986,4254883.105116556
3.1999999999999997,0.2,40.55555555555556,1.3666666666666667,0.7,0,covid,3.767123287671233,0.2054794520547945,4335270.60834836
3.3999999999999995,0.2,40.55555555555556,1.3666666666666667,0.7,0,covid,3.1890410958904107,0.1863013698630137,4398617.774389699
3.5999999999999996,0.2,40.55555555555556,1.3666666666666667,0.7,0,covid,2.9178082191780823,0.16986301369863013,4448244.125288453
3.8,0.2,40.55555555555556,1.3666666666666667,0.7,0,covid,2.7835616438356166,0.15616438356164383,4487364.076267856
4,0.2,40.55555555555556,1.3666666666666667,0.7,0,covid,2.2684931506849315,0.14520547945205478,4518645.333782954
4.199999999999999,0.2,40.55555555555556,1.3666666666666667,0.7,0,covid,2.136986301369863,0.13424657534246576,4544264.540182103
4.3999999999999995,0.2,40.55555555555556,1.3666666666666667,0.7,0,covid,2.0054794520547947,0.12602739726027398,4566343.277182067
4.6,0.2,40.55555555555556,1.3666666666666667,0.7,0,covid,1.906849315068493,0.12054794520547946,4588016.143523368
4.8,0.2,40.55555555555556,1.3666666666666667,0.7,0,covid,1.8465753424657534,0.11232876712328767,4615522.913276722
5,0.2,40.55555555555556,1.3666666666666667,0.7,0,covid,1.7972602739726027,0.10684931506849316,4657145.97643568
5.199999999999999,0.2,40.55555555555556,1.3666666666666667,0.7,0,covid,1.7506849315068493,0.10136986301369863,4705388.723989338
5.3999999999999995,0.2,40.55555555555556,1.3666666666666667,0.7,0,covid,1.6904109589041096,0.0958904109589041,4738167.572535692
5.6,0.2,40.55555555555556,1.3666666666666667,0.7,0,covid,1.3013698630136987,0.09315068493150686,4753936.2829636475
5.8,0.2,40.55555555555556,1.3666666666666667,0.7,0,covid,1.2164383561643837,0.08767123287671233,4761165.368835364
6,0.2,40.55555555555556,1.3666666666666667,0.7,0,covid,1.1616438356164382,0.08493150684931507,4764813.441983044
1.2,0.2,40.55555555555556,1.4458333333333333,0.7,0,covid,Inf,2.095890410958904,862.2682070716418
1.4,0.2,40.55555555555556,1.4458333333333333,0.7,0,covid,Inf,1.0465753424657533,1182680.9112990361
1.5999999999999999,0.2,40.55555555555556,1.4458333333333333,0.7,0,covid,21.438356164383563,0.8054794520547945,3772273.5340773803
1.7999999999999998,0.2,40.55555555555556,1.4458333333333333,0.7,0,covid,12.424657534246576,0.663013698630137,3954891.3373720874
2,0.2,40.55555555555556,1.4458333333333333,0.7,0,covid,9.189041095890412,0.547945205479452,3952905.979567966
2.1999999999999997,0.2,40.55555555555556,1.4458333333333333,0.7,0,covid,7.1726027397260275,0.4465753424657534,3926738.9746968206
2.4,0.2,40.55555555555556,1.4458333333333333,0.7,0,covid,5.972602739726027,0.3643835616438356,3957063.1783761443
2.5999999999999996,0.2,40.55555555555556,1.4458333333333333,0.7,0,covid,5.052054794520548,0.3041095890410959,4047797.0913056885
2.8,0.2,40.55555555555556,1.4458333333333333,0.7,0,covid,4.7315068493150685,0.26301369863013696,4156640.543645271
3,0.2,40.55555555555556,1.4458333333333333,0.7,0,covid,3.852054794520548,0.23013698630136986,4255140.041135664
3.1999999999999997,0.2,40.55555555555556,1.4458333333333333,0.7,0,covid,3.282191780821918,0.2054794520547945,4335530.239476831
3.3999999999999995,0.2,40.55555555555556,1.4458333333333333,0.7,0,covid,2.978082191780822,0.1863013698630137,4398992.007530412
3.5999999999999996,0.2,40.55555555555556,1.4458333333333333,0.7,0,covid,2.808219178082192,0.16986301369863013,4448917.424366809
3.8,0.2,40.55555555555556,1.4458333333333333,0.7,0,covid,2.293150684931507,0.15616438356164383,4488910.1942505585
4,0.2,40.55555555555556,1.4458333333333333,0.7,0,covid,2.1397260273972605,0.14520547945205478,4522822.763377789
4.199999999999999,0.2,40.55555555555556,1.4458333333333333,0.7,0,covid,2.0082191780821916,0.13424657534246576,4556595.832096996
4.3999999999999995,0.2,40.55555555555556,1.4458333333333333,0.7,0,covid,1.8876712328767122,0.12602739726027398,4601414.536548347
4.6,0.2,40.55555555555556,1.4458333333333333,0.7,0,covid,1.8273972602739725,0.12054794520547946,4663569.184942602
4.8,0.2,40.55555555555556,1.4458333333333333,0.7,0,covid,1.7780821917808218,0.11232876712328767,4717170.814843006
5,0.2,40.55555555555556,1.4458333333333333,0.7,0,covid,1.7342465753424658,0.10684931506849316,4744624.952496275
5.199999999999999,0.2,40.55555555555556,1.4458333333333333,0.7,0,covid,1.6821917808219178,0.10136986301369863,4756508.496210103
5.3999999999999995,0.2,40.55555555555556,1.4458333333333333,0.7,0,covid,1.3013698630136987,0.0958904109589041,4762068.767164142
5.6,0.2,40.55555555555556,1.4458333333333333,0.7,0,covid,1.1972602739726028,0.09315068493150686,4765031.892730126
5.8,0.2,40.55555555555556,1.4458333333333333,0.7,0,covid,1.1424657534246576,0.08767123287671233,4766807.108973328
6,0.2,40.55555555555556,1.4458333333333333,0.7,0,covid,1.095890410958904,0.08493150684931507,4767998.020428074
1.2,0.2,40.55555555555556,1.525,0.7,0,covid,Inf,2.095890410958904,862.2682133925443
1.4,0.2,40.55555555555556,1.525,0.7,0,covid,Inf,1.0465753424657533,1182680.978064646
1.5999999999999999,0.2,40.55555555555556,1.525,0.7,0,covid,20.4,0.8054794520547945,3772278.557942148
1.7999999999999998,0.2,40.55555555555556,1.525,0.7,0,covid,12.186301369863013,0.663013698630137,3954940.0852419073
2,0.2,40.55555555555556,1.525,0.7,0,covid,8.561643835616438,0.547945205479452,3953089.9697275315
2.1999999999999997,0.2,40.55555555555556,1.525,0.7,0,covid,6.635616438356164,0.4465753424657534,3927234.128016434
2.4,0.2,40.55555555555556,1.525,0.7,0,covid,5.432876712328767,0.3643835616438356,3957849.93645942
2.5999999999999996,0.2,40.55555555555556,1.525,0.7,0,covid,4.901369863013699,0.3041095890410959,4048578.0827535577
2.8,0.2,40.55555555555556,1.525,0.7,0,covid,4.131506849315069,0.26301369863013696,4157319.044854852
3,0.2,40.55555555555556,1.525,0.7,0,covid,3.7726027397260276,0.23013698630136986,4255859.428074429
3.1999999999999997,0.2,40.55555555555556,1.525,0.7,0,covid,3.1232876712328768,0.2054794520547945,4336569.2710243985
3.3999999999999995,0.2,40.55555555555556,1.525,0.7,0,covid,2.8383561643835615,0.1863013698630137,4400983.369065142
3.5999999999999996,0.2,40.55555555555556,1.525,0.7,0,covid,2.367123287671233,0.16986301369863013,4453779.787335876
3.8,0.2,40.55555555555556,1.525,0.7,0,covid,2.1561643835616437,0.15616438356164383,4502761.681580499
4,0.2,40.55555555555556,1.525,0.7,0,covid,2.0465753424657533,0.14520547945205478,4562455.652936729
4.199999999999999,0.2,40.55555555555556,1.525,0.7,0,covid,1.8904109589041096,0.13424657534246576,4642059.197475535
4.3999999999999995,0.2,40.55555555555556,1.525,0.7,0,covid,1.8164383561643835,0.12602739726027398,4708357.96427263
4.6,0.2,40.55555555555556,1.525,0.7,0,covid,1.7643835616438357,0.12054794520547946,4740599.379324374
4.8,0.2,40.55555555555556,1.525,0.7,0,covid,1.7205479452054795,0.11232876712328767,4754130.774928901
5,0.2,40.55555555555556,1.525,0.7,0,covid,1.673972602739726,0.10684931506849316,4760418.362405635
5.199999999999999,0.2,40.55555555555556,1.525,0.7,0,covid,1.5726027397260274,0.10136986301369863,4763788.687989763
5.3999999999999995,0.2,40.55555555555556,1.525,0.7,0,covid,1.1917808219178083,0.0958904109589041,4765855.526590116
5.6,0.2,40.55555555555556,1.525,0.7,0,covid,1.1287671232876713,0.09315068493150686,4767231.299962822
5.8,0.2,40.55555555555556,1.525,0.7,0,covid,1.082191780821918,0.08767123287671233,4768206.716961858
6,0.2,40.55555555555556,1.525,0.7,0,covid,1.0410958904109588,0.08493150684931507,4768956.652651718
1.2,0.2,40.55555555555556,1.6041666666666667,0.7,0,covid,Inf,2.095890410958904,862.2682191624672
1.4,0.2,40.55555555555556,1.6041666666666667,0.7,0,covid,Inf,1.0465753424657533,1182680.9830857913
1.5999999999999999,0.2,40.55555555555556,1.6041666666666667,0.7,0,covid,20.101369863013698,0.8054794520547945,3772284.1679894305
1.7999999999999998,0.2,40.55555555555556,1.6041666666666667,0.7,0,covid,11.616438356164384,0.663013698630137,3955002.1431859722
2,0.2,40.55555555555556,1.6041666666666667,0.7,0,covid,8.265753424657534,0.547945205479452,3953326.1255532
2.1999999999999997,0.2,40.55555555555556,1.6041666666666667,0.7,0,covid,6.336986301369863,0.4465753424657534,3927883.454091284
2.4,0.2,40.55555555555556,1.6041666666666667,0.7,0,covid,5.295890410958904,0.3643835616438356,3958987.546623871
2.5999999999999996,0.2,40.55555555555556,1.6041666666666667,0.7,0,covid,4.4520547945205475,0.3041095890410959,4049956.7332998794
2.8,0.2,40.55555555555556,1.6041666666666667,0.7,0,covid,3.882191780821918,0.26301369863013696,4158933.559838249
3,0.2,40.55555555555556,1.6041666666666667,0.7,0,covid,3.263013698630137,0.23013698630136986,4258206.107008037
3.1999999999999997,0.2,40.55555555555556,1.6041666666666667,0.7,0,covid,2.9178082191780823,0.2054794520547945,4341115.815128624
3.3999999999999995,0.2,40.55555555555556,1.6041666666666667,0.7,0,covid,2.7753424657534245,0.1863013698630137,4412222.226891444
3.5999999999999996,0.2,40.55555555555556,1.6041666666666667,0.7,0,covid,2.2383561643835614,0.16986301369863013,4485231.334769373
3.8,0.2,40.55555555555556,1.6041666666666667,0.7,0,covid,2.0794520547945203,0.15616438356164383,4579286.001040384
4,0.2,40.55555555555556,1.6041666666666667,0.7,0,covid,1.9315068493150684,0.14520547945205478,4673376.07086504
4.199999999999999,0.2,40.55555555555556,1.6041666666666667,0.7,0,covid,1.819178082191781,0.13424657534246576,4725196.230124348
4.3999999999999995,0.2,40.55555555555556,1.6041666666666667,0.7,0,covid,1.7589041095890412,0.12602739726027398,4746679.205877364
4.6,0.2,40.55555555555556,1.6041666666666667,0.7,0,covid,1.7123287671232876,0.12054794520547946,4756161.859323657
4.8,0.2,40.55555555555556,1.6041666666666667,0.7,0,covid,1.6684931506849314,0.11232876712328767,4761023.623771006
5,0.2,40.55555555555556,1.6041666666666667,0.7,0,covid,1.6191780821917807,0.10684931506849316,4763907.444092089
5.199999999999999,0.2,40.55555555555556,1.6041666666666667,0.7,0,covid,1.2246575342465753,0.10136986301369863,4765775.618014746
5.3999999999999995,0.2,40.55555555555556,1.6041666666666667,0.7,0,covid,1.1287671232876713,0.0958904109589041,4767101.4337924
5.6,0.2,40.55555555555556,1.6041666666666667,0.7,0,covid,1.073972602739726,0.09315068493150686,4768078.553579063
5.8,0.2,40.55555555555556,1.6041666666666667,0.7,0,covid,1.0301369863013699,0.08767123287671233,4768818.968460773
6,0.2,40.55555555555556,1.6041666666666667,0.7,0,covid,0.9945205479452055,0.08493150684931507,4769407.752839732
1.2,0.2,40.55555555555556,1.6833333333333333,0.7,0,covid,Inf,2.095890410958904,862.2682404296804
1.4,0.2,40.55555555555556,1.6833333333333333,0.7,0,covid,Inf,1.0465753424657533,1182681.0441963605
1.5999999999999999,0.2,40.55555555555556,1.6833333333333333,0.7,0,covid,20.019178082191782,0.8054794520547945,3772292.826759587
1.7999999999999998,0.2,40.55555555555556,1.6833333333333333,0.7,0,covid,11.23013698630137,0.663013698630137,3955083.102992545
2,0.2,40.55555555555556,1.6833333333333333,0.7,0,covid,7.997260273972603,0.547945205479452,3953625.7532577044
2.1999999999999997,0.2,40.55555555555556,1.6833333333333333,0.7,0,covid,6.126027397260274,0.4465753424657534,3928727.651057342
2.4,0.2,40.55555555555556,1.6833333333333333,0.7,0,covid,5.205479452054795,0.3643835616438356,3960658.414374231
2.5999999999999996,0.2,40.55555555555556,1.6833333333333333,0.7,0,covid,4.2027397260273975,0.3041095890410959,4052535.0399670186
2.8,0.2,40.55555555555556,1.6833333333333333,0.7,0,covid,3.824657534246575,0.26301369863013696,4163018.813402075
3,0.2,40.55555555555556,1.6833333333333333,0.7,0,covid,3.1232876712328768,0.23013698630136986,4266167.853003373
3.1999999999999997,0.2,40.55555555555556,1.6833333333333333,0.7,0,covid,2.824657534246575,0.2054794520547945,4360463.003050011
3.3999999999999995,0.2,40.55555555555556,1.6833333333333333,0.7,0,covid,2.684931506849315,0.1863013698630137,4463097.512886242
3.5999999999999996,0.2,40.55555555555556,1.6833333333333333,0.7,0,covid,2.117808219178082,0.16986301369863013,4586768.766793586
3.8,0.2,40.55555555555556,1.6833333333333333,0.7,0,covid,2.0082191780821916,0.15616438356164383,4683532.998790008
4,0.2,40.55555555555556,1.6833333333333333,0.7,0,covid,1.8520547945205479,0.14520547945205478,4728356.175480895
4.199999999999999,0.2,40.55555555555556,1.6833333333333333,0.7,0,covid,1.7671232876712328,0.13424657534246576,4746872.896574128
4.3999999999999995,0.2,40.55555555555556,1.6833333333333333,0.7,0,covid,1.7123287671232876,0.12602739726027398,4755557.258656576
4.6,0.2,40.55555555555556,1.6833333333333333,0.7,0,covid,1.6657534246575343,0.12054794520547946,4760314.007667436
4.8,0.2,40.55555555555556,1.6833333333333333,0.7,0,covid,1.621917808219178,0.11232876712328767,4763252.111670478
5,0.2,40.55555555555556,1.6833333333333333,0.7,0,covid,1.5616438356164384,0.10684931506849316,4765241.315156079
5.199999999999999,0.2,40.55555555555556,1.6833333333333333,0.7,0,covid,1.1479452054794521,0.10136986301369863,4766647.639265309
5.3999999999999995,0.2,40.55555555555556,1.6833333333333333,0.7,0,covid,1.0767123287671232,0.0958904109589041,4767702.0359948035
5.6,0.2,40.55555555555556,1.6833333333333333,0.7,0,covid,1.0246575342465754,0.09315068493150686,4768513.210702341
5.8,0.2,40.55555555555556,1.6833333333333333,0.7,0,covid,0.9835616438356164,0.08767123287671233,4769158.651671144
6,0.2,40.55555555555556,1.6833333333333333,0.7,0,covid,0.9506849315068493,0.08493150684931507,4769676.100613077
1.2,0.2,40.55555555555556,1.7625,0.7,0,covid,Inf,2.095890410958904,862.2682453875859
1.4,0.2,40.55555555555556,1.7625,0.7,0,covid,Inf,1.0465753424657533,1182681.0246257463
1.5999999999999999,0.2,40.55555555555556,1.7625,0.7,0,covid,19.167123287671235,0.8054794520547945,3772304.936729954
1.7999999999999998,0.2,40.55555555555556,1.7625,0.7,0,covid,10.695890410958905,0.663013698630137,3955186.924298149
2,0.2,40.55555555555556,1.7625,0.7,0,covid,7.413698630136986,0.547945205479452,3953999.629894397
2.1999999999999997,0.2,40.55555555555556,1.7625,0.7,0,covid,5.991780821917808,0.4465753424657534,3929822.8486033166
2.4,0.2,40.55555555555556,1.7625,0.7,0,covid,4.972602739726027,0.3643835616438356,3963163.3568681874
2.5999999999999996,0.2,40.55555555555556,1.7625,0.7,0,covid,4.098630136986301,0.3041095890410959,4057555.7821876537
2.8,0.2,40.55555555555556,1.7625,0.7,0,covid,3.367123287671233,0.26301369863013696,4173596.9738349174
3,0.2,40.55555555555556,1.7625,0.7,0,covid,3.03013698630137,0.23013698630136986,4291764.163145595
3.1999999999999997,0.2,40.55555555555556,1.7625,0.7,0,covid,2.767123287671233,0.2054794520547945,4424064.561022562
3.3999999999999995,0.2,40.55555555555556,1.7625,0.7,0,covid,2.2465753424657535,0.1863013698630137,4573431.779151111
3.5999999999999996,0.2,40.55555555555556,1.7625,0.7,0,covid,2.0465753424657533,0.16986301369863013,4678085.513591521
3.8,0.2,40.55555555555556,1.7625,0.7,0,covid,1.936986301369863,0.15616438356164383,4724391.989484452
4,0.2,40.55555555555556,1.7625,0.7,0,covid,1.7972602739726027,0.14520547945205478,4743877.53289596
4.199999999999999,0.2,40.55555555555556,1.7625,0.7,0,covid,1.7205479452054795,0.13424657534246576,4753337.983032984
4.3999999999999995,0.2,40.55555555555556,1.7625,0.7,0,covid,1.6712328767123288,0.12602739726027398,4758666.719618103
4.6,0.2,40.55555555555556,1.7625,0.7,0,covid,1.6246575342465754,0.12054794520547946,4762019.366426359
4.8,0.2,40.55555555555556,1.7625,0.7,0,covid,1.5753424657534247,0.11232876712328767,4764292.481412303
5,0.2,40.55555555555556,1.7625,0.7,0,covid,1.4958904109589042,0.10684931506849316,4765918.260635618
5.199999999999999,0.2,40.55555555555556,1.7625,0.7,0,covid,1.0986301369863014,0.10136986301369863,4767131.730284847
5.3999999999999995,0.2,40.55555555555556,1.7625,0.7,0,covid,1.0301369863013699,0.0958904109589041,4768054.394757115
5.6,0.2,40.55555555555556,1.7625,0.7,0,covid,0.9808219178082191,0.09315068493150686,4768782.064382543
5.8,0.2,40.55555555555556,1.7625,0.7,0,covid,0.9424657534246575,0.08767123287671233,4769368.4673963385
6,0.2,40.55555555555556,1.7625,0.7,0,covid,0.9123287671232877,0.08493150684931507,4769852.546615526
1.2,0.2,40.55555555555556,1.8416666666666668,0.7,0,covid,Inf,2.095890410958904,862.2682501106366
1.4,0.2,40.55555555555556,1.8416666666666668,0.7,0,covid,Inf,1.0465753424657533,1182681.0363532365
1.5999999999999999,0.2,40.55555555555556,1.8416666666666668,0.7,0,covid,18.405479452054795,0.8054794520547945,3772319.471880932
1.7999999999999998,0.2,40.55555555555556,1.8416666666666668,0.7,0,covid,10.306849315068494,0.663013698630137,3955313.597753361
2,0.2,40.55555555555556,1.8416666666666668,0.7,0,covid,7.189041095890411,0.547945205479452,3954461.1912206034
2.1999999999999997,0.2,40.55555555555556,1.8416666666666668,0.7,0,covid,5.5698630136986305,0.4465753424657534,3931233.907295811
2.4,0.2,40.55555555555556,1.8416666666666668,0.7,0,covid,4.882191780821918,0.3643835616438356,3966990.475389188
2.5999999999999996,0.2,40.55555555555556,1.8416666666666668,0.7,0,covid,3.9205479452054797,0.3041095890410959,4067517.7381219002
2.8,0.2,40.55555555555556,1.8416666666666668,0.7,0,covid,3.2684931506849315,0.26301369863013696,4199783.843041707
3,0.2,40.55555555555556,1.8416666666666668,0.7,0,covid,2.9013698630136986,0.23013698630136986,4357233.024901786
3.1999999999999997,0.2,40.55555555555556,1.8416666666666668,0.7,0,covid,2.7150684931506848,0.2054794520547945,4534152.990115034
3.3999999999999995,0.2,40.55555555555556,1.8416666666666668,0.7,0,covid,2.175342465753425,0.1863013698630137,4658620.4233382745
3.5999999999999996,0.2,40.55555555555556,1.8416666666666668,0.7,0,covid,1.9863013698630136,0.16986301369863013,4714296.3960779235
3.8,0.2,40.55555555555556,1.8416666666666668,0.7,0,covid,1.8767123287671232,0.15616438356164383,4737941.670897176
4,0.2,40.55555555555556,1.8416666666666668,0.7,0,covid,1.7534246575342465,0.14520547945205478,4749501.654854694
4.199999999999999,0.2,40.55555555555556,1.8416666666666668,0.7,0,covid,1.6821917808219178,0.13424657534246576,4756035.139466452
4.3999999999999995,0.2,40.55555555555556,1.8416666666666668,0.7,0,covid,1.63013698630137,0.12602739726027398,4760139.646690441
4.6,0.2,40.55555555555556,1.8416666666666668,0.7,0,covid,1.5835616438356164,0.12054794520547946,4762912.041294712
4.8,0.2,40.55555555555556,1.8416666666666668,0.7,0,covid,1.5315068493150685,0.11232876712328767,4764875.148217998
5,0.2,40.55555555555556,1.8416666666666668,0.7,0,covid,1.4219178082191781,0.10684931506849316,4766320.828596534
5.199999999999999,0.2,40.55555555555556,1.8416666666666668,0.7,0,covid,1.0547945205479452,0.10136986301369863,4767420.567990726
5.3999999999999995,0.2,40.55555555555556,1.8416666666666668,0.7,0,covid,0.989041095890411,0.0958904109589041,4768272.933758487
5.6,0.2,40.55555555555556,1.8416666666666668,0.7,0,covid,0.9424657534246575,0.09315068493150686,4768952.894272827
5.8,0.2,40.55555555555556,1.8416666666666668,0.7,0,covid,0.9068493150684932,0.08767123287671233,4769500.2841202095
6,0.2,40.55555555555556,1.8416666666666668,0.7,0,covid,0.8767123287671232,0.08493150684931507,4769954.294451848
1.2,0.2,40.55555555555556,1.9208333333333334,0.7,0,covid,Inf,2.095890410958904,862.268269397006
1.4,0.2,40.55555555555556,1.9208333333333334,0.7,0,covid,Inf,1.0465753424657533,1182681.041841722
1.5999999999999999,0.2,40.55555555555556,1.9208333333333334,0.7,0,covid,17.794520547945204,0.8054794520547945,3772345.7320696386
1.7999999999999998,0.2,40.55555555555556,1.9208333333333334,0.7,0,covid,10.021917808219179,0.663013698630137,3955470.679540997
2,0.2,40.55555555555556,1.9208333333333334,0.7,0,covid,6.991780821917808,0.547945205479452,3955024.471968498
2.1999999999999997,0.2,40.55555555555556,1.9208333333333334,0.7,0,covid,5.47945205479452,0.4465753424657534,3933057.77255002
2.4,0.2,40.55555555555556,1.9208333333333334,0.7,0,covid,4.449315068493151,0.3643835616438356,3972923.132617372
2.5999999999999996,0.2,40.55555555555556,1.9208333333333334,0.7,0,covid,3.8438356164383563,0.3041095890410959,4086968.1317093624
2.8,0.2,40.55555555555556,1.9208333333333334,0.7,0,covid,3.1397260273972605,0.26301369863013696,4255431.605258518
3,0.2,40.55555555555556,1.9208333333333334,0.7,0,covid,2.824657534246575,0.23013698630136986,4461249.5359545
3.1999999999999997,0.2,40.55555555555556,1.9208333333333334,0.7,0,covid,2.665753424657534,0.2054794520547945,4620977.992149793
3.3999999999999995,0.2,40.55555555555556,1.9208333333333334,0.7,0,covid,2.117808219178082,0.1863013698630137,4696244.540291678
3.5999999999999996,0.2,40.55555555555556,1.9208333333333334,0.7,0,covid,1.9287671232876713,0.16986301369863013,4728182.720651197
3.8,0.2,40.55555555555556,1.9208333333333334,0.7,0,covid,1.821917808219178,0.15616438356164383,4743565.157490447
4,0.2,40.55555555555556,1.9208333333333334,0.7,0,covid,1.715068493150685,0.14520547945205478,4752129.5185663095
4.199999999999999,0.2,40.55555555555556,1.9208333333333334,0.7,0,covid,1.6465753424657534,0.13424657534246576,4757436.910641699
4.3999999999999995,0.2,40.55555555555556,1.9208333333333334,0.7,0,covid,1.5917808219178082,0.12602739726027398,4760966.833233036
4.6,0.2,40.55555555555556,1.9208333333333334,0.7,0,covid,1.5424657534246575,0.12054794520547946,4763440.089863107
4.8,0.2,40.55555555555556,1.9208333333333334,0.7,0,covid,1.4876712328767123,0.11232876712328767,4765238.206519744
5,0.2,40.55555555555556,1.9208333333333334,0.7,0,covid,1.36986301369863,0.10684931506849316,4766573.409810085
5.199999999999999,0.2,40.55555555555556,1.9208333333333334,0.7,0,covid,1.021917808219178,0.10136986301369863,4767601.457565163
5.3999999999999995,0.2,40.55555555555556,1.9208333333333334,0.7,0,covid,0.9534246575342465,0.0958904109589041,4768410.564969021
5.6,0.2,40.55555555555556,1.9208333333333334,0.7,0,covid,0.9068493150684932,0.09315068493150686,4769055.972333638
5.8,0.2,40.55555555555556,1.9208333333333334,0.7,0,covid,0.873972602739726,0.08767123287671233,4769581.28195458
6,0.2,40.55555555555556,1.9208333333333334,0.7,0,covid,0.8438356164383561,0.08493150684931507,4770019.145354675
1.2,0.2,40.55555555555556,2,0.7,0,covid,Inf,2.095890410958904,862.2682836251648
1.4,0.2,40.55555555555556,2,0.7,0,covid,Inf,1.0465753424657533,1182681.0484715386
1.5999999999999999,0.2,40.55555555555556,2,0.7,0,covid,17.213698630136985,0.8054794520547945,3772370.139982638
1.7999999999999998,0.2,40.55555555555556,2,0.7,0,covid,9.463013698630137,0.663013698630137,3955661.1967929476
2,0.2,40.55555555555556,2,0.7,0,covid,6.523287671232877,0.547945205479452,3955704.638970713
2.1999999999999997,0.2,40.55555555555556,2,0.7,0,covid,5.4082191780821915,0.4465753424657534,3935416.8786533903
2.4,0.2,40.55555555555556,2,0.7,0,covid,4.328767123287672,0.3643835616438356,3982195.3446635343
2.5999999999999996,0.2,40.55555555555556,2,0.7,0,covid,3.786301369863014,0.3041095890410959,4122519.613967372
2.8,0.2,40.55555555555556,2,0.7,0,covid,3.052054794520548,0.26301369863013696,4343616.220316128
3,0.2,40.55555555555556,2,0.7,0,covid,2.7726027397260276,0.23013698630136986,4554361.025511401
3.1999999999999997,0.2,40.55555555555556,2,0.7,0,covid,2.6136986301369864,0.2054794520547945,4665433.093904676
3.3999999999999995,0.2,40.55555555555556,2,0.7,0,covid,2.0602739726027397,0.1863013698630137,4712558.09266873
3.5999999999999996,0.2,40.55555555555556,2,0.7,0,covid,1.8712328767123287,0.16986301369863013,4734531.353677793
3.8,0.2,40.55555555555556,2,0.7,0,covid,1.7698630136986302,0.15616438356164383,4746409.883379714
4,0.2,40.55555555555556,2,0.7,0,covid,1.6794520547945206,0.14520547945205478,4753580.090584322
4.199999999999999,0.2,40.55555555555556,2,0.7,0,covid,1.610958904109589,0.13424657534246576,4758260.760345316
4.3999999999999995,0.2,40.55555555555556,2,0.7,0,covid,1.5534246575342465,0.12602739726027398,4761471.418881565
4.6,0.2,40.55555555555556,2,0.7,0,covid,1.5013698630136987,0.12054794520547946,4763766.692181625
4.8,0.2,40.55555555555556,2,0.7,0,covid,1.441095890410959,0.11232876712328767,4765453.386442267
5,0.2,40.55555555555556,2,0.7,0,covid,1.336986301369863,0.10684931506849316,4766734.072320839
5.199999999999999,0.2,40.55555555555556,2,0.7,0,covid,0.9972602739726028,0.10136986301369863,4767710.562190717
5.3999999999999995,0.2,40.55555555555556,2,0.7,0,covid,0.9232876712328767,0.0958904109589041,4768488.455013544
5.6,0.2,40.55555555555556,2,0.7,0,covid,0.8767123287671232,0.09315068493150686,4769113.916433994
5.8,0.2,40.55555555555556,2,0.7,0,covid,0.8438356164383561,0.08767123287671233,4769625.495107222
6,0.2,40.55555555555556,2,0.7,0,covid,0.8191780821917808,0.08493150684931507,4770054.03461351
